{
  "Cd 2+": {
    "eye": {
      "a": -0.5399530155332916,
      "b": 1.1135226753906218,
      "c": 5.359791648163397
    },
    "wing": {
      "a": -0.6490466642749287,
      "b": 0.3112669882172853,
      "c": 5.484594820624612
    }
  },
  "Zn 2+": {
    "eye": {
      "a": -0.07658049683541934,
      "b": 1.0928615427164923,
      "c": 5.359791648163397
    },
    "wing": {
      "a": -0.11281264124914825,
      "b": 1.1658434790499714,
      "c": 5.484594820624612
    }
  }
}
