{
  "Cd 2+": {
    "eye": {
      "a": -0.5160549107278966,
      "b": 1.1751570936109832,
      "c": 5.359793553004209
    },
    "wing": {
      "a": -0.6408800944548956,
      "b": 0.32850070606032766,
      "c": 5.484596243836628
    }
  },
  "Zn 2+": {
    "eye": {
      "a": -0.07325283648625175,
      "b": 1.1533710859412665,
      "c": 5.359793553004209
    },
    "wing": {
      "a": -0.10759102825458418,
      "b": 1.230394475988729,
      "c": 5.484596243836628
    }
  }
}
